<?xml version="1.0" encoding="UTF-8"?>
<!DOCTYPE mapper PUBLIC "-//mybatis.org//DTD Mapper 3.0//EN" "http://mybatis.org/dtd/mybatis-3-mapper.dtd">
<mapper namespace="com.yz.dao.EQPFormMapper">
  <resultMap id="BaseResultMap" type="com.yz.bean.EQPForm">
    <!--
      WARNING - @mbg.generated
      This element is automatically generated by MyBatis Generator, do not modify.
      This element was generated on Tue Mar 31 14:15:04 CST 2020.
    -->
    <id column="LINE_ID" jdbcType="VARCHAR" property="lineId" />
    <id column="UNIT_ID" jdbcType="VARCHAR" property="unitId" />
    <id column="FORM_GROUP_NAME" jdbcType="VARCHAR" property="formGroupName" />
    <result column="AUTO_GROUP" jdbcType="VARCHAR" property="autoGroup" />
    <result column="LM_USER" jdbcType="VARCHAR" property="lmUser" />
    <result column="LM_TIME" jdbcType="TIMESTAMP" property="lmTime" />
    <result column="IS_ACTIVE" jdbcType="CHAR" property="isActive" />
    <result column="SECTION_ID" jdbcType="VARCHAR" property="sectionId" />
    <result column="SITE" jdbcType="VARCHAR" property="site" />
    <result column="FAB_CODE" jdbcType="VARCHAR" property="fabCode" />
  </resultMap>
  <sql id="Base_Column_List">
    <!--
      WARNING - @mbg.generated
      This element is automatically generated by MyBatis Generator, do not modify.
      This element was generated on Tue Mar 31 14:15:04 CST 2020.
    -->
    LINE_ID, UNIT_ID, FORM_GROUP_NAME, AUTO_GROUP, LM_USER, LM_TIME, IS_ACTIVE, SECTION_ID, 
    SITE, FAB_CODE
  </sql>
  <select id="selectByPrimaryKey" parameterType="com.yz.bean.EQPFormKey" resultMap="BaseResultMap">
    <!--
      WARNING - @mbg.generated
      This element is automatically generated by MyBatis Generator, do not modify.
      This element was generated on Tue Mar 31 14:15:04 CST 2020.
    -->
    select 
    <include refid="Base_Column_List" />
    from C_EQP_FORM
    where LINE_ID = #{lineId,jdbcType=VARCHAR}
      and UNIT_ID = #{unitId,jdbcType=VARCHAR}
      and FORM_GROUP_NAME = #{formGroupName,jdbcType=VARCHAR}
  </select>
  <delete id="deleteByPrimaryKey" parameterType="com.yz.bean.EQPFormKey">
    <!--
      WARNING - @mbg.generated
      This element is automatically generated by MyBatis Generator, do not modify.
      This element was generated on Tue Mar 31 14:15:04 CST 2020.
    -->
    delete from C_EQP_FORM
    where LINE_ID = #{lineId,jdbcType=VARCHAR}
      and UNIT_ID = #{unitId,jdbcType=VARCHAR}
      and FORM_GROUP_NAME = #{formGroupName,jdbcType=VARCHAR}
  </delete>
  <insert id="insert" parameterType="com.yz.bean.EQPForm">
    <!--
      WARNING - @mbg.generated
      This element is automatically generated by MyBatis Generator, do not modify.
      This element was generated on Tue Mar 31 14:15:04 CST 2020.
    -->
    insert into C_EQP_FORM (LINE_ID, UNIT_ID, FORM_GROUP_NAME, 
      AUTO_GROUP, LM_USER, LM_TIME, 
      IS_ACTIVE, SECTION_ID, SITE, 
      FAB_CODE)
    values (#{lineId,jdbcType=VARCHAR}, #{unitId,jdbcType=VARCHAR}, #{formGroupName,jdbcType=VARCHAR}, 
      #{autoGroup,jdbcType=VARCHAR}, #{lmUser,jdbcType=VARCHAR}, #{lmTime,jdbcType=TIMESTAMP}, 
      #{isActive,jdbcType=CHAR}, #{sectionId,jdbcType=VARCHAR}, #{site,jdbcType=VARCHAR}, 
      #{fabCode,jdbcType=VARCHAR})
  </insert>
  <insert id="insertSelective" parameterType="com.yz.bean.EQPForm">
    <!--
      WARNING - @mbg.generated
      This element is automatically generated by MyBatis Generator, do not modify.
      This element was generated on Tue Mar 31 14:15:04 CST 2020.
    -->
    insert into C_EQP_FORM
    <trim prefix="(" suffix=")" suffixOverrides=",">
      <if test="lineId != null">
        LINE_ID,
      </if>
      <if test="unitId != null">
        UNIT_ID,
      </if>
      <if test="formGroupName != null">
        FORM_GROUP_NAME,
      </if>
      <if test="autoGroup != null">
        AUTO_GROUP,
      </if>
      <if test="lmUser != null">
        LM_USER,
      </if>
      <if test="lmTime != null">
        LM_TIME,
      </if>
      <if test="isActive != null">
        IS_ACTIVE,
      </if>
      <if test="sectionId != null">
        SECTION_ID,
      </if>
      <if test="site != null">
        SITE,
      </if>
      <if test="fabCode != null">
        FAB_CODE,
      </if>
    </trim>
    <trim prefix="values (" suffix=")" suffixOverrides=",">
      <if test="lineId != null">
        #{lineId,jdbcType=VARCHAR},
      </if>
      <if test="unitId != null">
        #{unitId,jdbcType=VARCHAR},
      </if>
      <if test="formGroupName != null">
        #{formGroupName,jdbcType=VARCHAR},
      </if>
      <if test="autoGroup != null">
        #{autoGroup,jdbcType=VARCHAR},
      </if>
      <if test="lmUser != null">
        #{lmUser,jdbcType=VARCHAR},
      </if>
      <if test="lmTime != null">
        #{lmTime,jdbcType=TIMESTAMP},
      </if>
      <if test="isActive != null">
        #{isActive,jdbcType=CHAR},
      </if>
      <if test="sectionId != null">
        #{sectionId,jdbcType=VARCHAR},
      </if>
      <if test="site != null">
        #{site,jdbcType=VARCHAR},
      </if>
      <if test="fabCode != null">
        #{fabCode,jdbcType=VARCHAR},
      </if>
    </trim>
  </insert>
  <update id="updateByPrimaryKeySelective" parameterType="com.yz.bean.EQPForm">
    <!--
      WARNING - @mbg.generated
      This element is automatically generated by MyBatis Generator, do not modify.
      This element was generated on Tue Mar 31 14:15:04 CST 2020.
    -->
    update C_EQP_FORM
    <set>
      <if test="autoGroup != null">
        AUTO_GROUP = #{autoGroup,jdbcType=VARCHAR},
      </if>
      <if test="lmUser != null">
        LM_USER = #{lmUser,jdbcType=VARCHAR},
      </if>
      <if test="lmTime != null">
        LM_TIME = #{lmTime,jdbcType=TIMESTAMP},
      </if>
      <if test="isActive != null">
        IS_ACTIVE = #{isActive,jdbcType=CHAR},
      </if>
      <if test="sectionId != null">
        SECTION_ID = #{sectionId,jdbcType=VARCHAR},
      </if>
      <if test="site != null">
        SITE = #{site,jdbcType=VARCHAR},
      </if>
      <if test="fabCode != null">
        FAB_CODE = #{fabCode,jdbcType=VARCHAR},
      </if>
    </set>
    where LINE_ID = #{lineId,jdbcType=VARCHAR}
      and UNIT_ID = #{unitId,jdbcType=VARCHAR}
      and FORM_GROUP_NAME = #{formGroupName,jdbcType=VARCHAR}
  </update>
  <update id="updateByPrimaryKey" parameterType="com.yz.bean.EQPForm">
    <!--
      WARNING - @mbg.generated
      This element is automatically generated by MyBatis Generator, do not modify.
      This element was generated on Tue Mar 31 14:15:04 CST 2020.
    -->
    update C_EQP_FORM
    set AUTO_GROUP = #{autoGroup,jdbcType=VARCHAR},
      LM_USER = #{lmUser,jdbcType=VARCHAR},
      LM_TIME = #{lmTime,jdbcType=TIMESTAMP},
      IS_ACTIVE = #{isActive,jdbcType=CHAR},
      SECTION_ID = #{sectionId,jdbcType=VARCHAR},
      SITE = #{site,jdbcType=VARCHAR},
      FAB_CODE = #{fabCode,jdbcType=VARCHAR}
    where LINE_ID = #{lineId,jdbcType=VARCHAR}
      and UNIT_ID = #{unitId,jdbcType=VARCHAR}
      and FORM_GROUP_NAME = #{formGroupName,jdbcType=VARCHAR}
  </update>
</mapper>