<?xml version="1.0" encoding="UTF-8"?>
<!DOCTYPE mapper PUBLIC "-//mybatis.org//DTD Mapper 3.0//EN" "http://mybatis.org/dtd/mybatis-3-mapper.dtd">
<mapper namespace="com.yz.dao.FMADataMapper">
  <resultMap id="BaseResultMap" type="com.yz.bean.FMAData">
    <!--
      WARNING - @mbg.generated
      This element is automatically generated by MyBatis Generator, do not modify.
      This element was generated on Wed Apr 01 09:20:30 CST 2020.
    -->
    <result column="TFT_CHIP_ID" jdbcType="VARCHAR" property="tftChipId" />
    <result column="DEFECT_CODE" jdbcType="VARCHAR" property="defectCode" />
    <result column="CHIP_X" jdbcType="DECIMAL" property="chipX" />
    <result column="CHIP_Y" jdbcType="DECIMAL" property="chipY" />
    <result column="SHEET_X" jdbcType="DECIMAL" property="sheetX" />
    <result column="SHEET_Y" jdbcType="DECIMAL" property="sheetY" />
    <result column="POX_X" jdbcType="DECIMAL" property="poxX" />
    <result column="POX_Y" jdbcType="DECIMAL" property="poxY" />
    <result column="DEFECT_SIZE" jdbcType="VARCHAR" property="defectSize" />
    <result column="CURRENT_DEF_CODE" jdbcType="VARCHAR" property="currentDefCode" />
    <result column="CURRENT_DEF_CODE_DESC" jdbcType="VARCHAR" property="currentDefCodeDesc" />
    <result column="PHOTO_ADDRESS" jdbcType="VARCHAR" property="photoAddress" />
    <result column="GAP" jdbcType="DECIMAL" property="gap" />
    <result column="LM_TIME" jdbcType="TIMESTAMP" property="lmTime" />
  </resultMap>
  
  <sql id="Base_Column_List">
    <!--
      WARNING - @mbg.generated
      This element is automatically generated by MyBatis Generator, do not modify.
      This element was generated on Tue Mar 31 14:15:04 CST 2020.
    -->
    TFT_CHIP_ID, DEFECT_CODE, CHIP_X, CHIP_Y, SHEET_X, SHEET_Y, POX_X, POX_Y, DEFECT_SIZE,CURRENT_DEF_CODE,CURRENT_DEF_CODE_DESC,
    PHOTO_ADDRESS, GAP,LM_TIME
  </sql>
  <select id="selectByPrimaryKey"  resultMap="BaseResultMap">
    <!--
      WARNING - @mbg.generated
      This element is automatically generated by MyBatis Generator, do not modify.
      This element was generated on Tue Mar 31 14:15:04 CST 2020.
    -->
    select 
    <include refid="Base_Column_List" />
    from CELL_INT_FMA_LINKAOI
    where TFT_CHIP_ID = #{chipid,jdbcType=VARCHAR}
      and CHIP_X = #{chipx,jdbcType=VARCHAR}
      and CHIP_Y = #{chipy,jdbcType=VARCHAR}
  </select>
  
  <select id="selectAll"  resultMap="BaseResultMap">
     select 
    <include refid="Base_Column_List" />
    from CELL_INT_FMA_LINKAOI
  </select>
  
  
  
  <insert id="insert" parameterType="com.yz.bean.FMAData">
    <!--
      WARNING - @mbg.generated
      This element is automatically generated by MyBatis Generator, do not modify.
      This element was generated on Wed Apr 01 09:20:30 CST 2020.
    -->
    insert into CELL_INT_FMA_LINKAOI (TFT_CHIP_ID, DEFECT_CODE, CHIP_X, 
      CHIP_Y, SHEET_X, SHEET_Y, 
      POX_X, POX_Y, DEFECT_SIZE, 
      CURRENT_DEF_CODE, CURRENT_DEF_CODE_DESC, PHOTO_ADDRESS, 
      GAP, LM_TIME)
    values (#{tftChipId,jdbcType=VARCHAR}, #{defectCode,jdbcType=VARCHAR}, #{chipX,jdbcType=DECIMAL}, 
      #{chipY,jdbcType=DECIMAL}, #{sheetX,jdbcType=DECIMAL}, #{sheetY,jdbcType=DECIMAL}, 
      #{poxX,jdbcType=DECIMAL}, #{poxY,jdbcType=DECIMAL}, #{defectSize,jdbcType=VARCHAR}, 
      #{currentDefCode,jdbcType=VARCHAR}, #{currentDefCodeDesc,jdbcType=VARCHAR}, #{photoAddress,jdbcType=VARCHAR}, 
      #{gap,jdbcType=DECIMAL}, #{lmTime,jdbcType=TIMESTAMP})
  </insert>
  <insert id="insertSelective" parameterType="com.yz.bean.FMAData">
    <!--
      WARNING - @mbg.generated
      This element is automatically generated by MyBatis Generator, do not modify.
      This element was generated on Wed Apr 01 09:20:30 CST 2020.
    -->
    insert into CELL_INT_FMA_LINKAOI
    <trim prefix="(" suffix=")" suffixOverrides=",">
      <if test="tftChipId != null">
        TFT_CHIP_ID,
      </if>
      <if test="defectCode != null">
        DEFECT_CODE,
      </if>
      <if test="chipX != null">
        CHIP_X,
      </if>
      <if test="chipY != null">
        CHIP_Y,
      </if>
      <if test="sheetX != null">
        SHEET_X,
      </if>
      <if test="sheetY != null">
        SHEET_Y,
      </if>
      <if test="poxX != null">
        POX_X,
      </if>
      <if test="poxY != null">
        POX_Y,
      </if>
      <if test="defectSize != null">
        DEFECT_SIZE,
      </if>
      <if test="currentDefCode != null">
        CURRENT_DEF_CODE,
      </if>
      <if test="currentDefCodeDesc != null">
        CURRENT_DEF_CODE_DESC,
      </if>
      <if test="photoAddress != null">
        PHOTO_ADDRESS,
      </if>
      <if test="gap != null">
        GAP,
      </if>
      <if test="lmTime != null">
        LM_TIME,
      </if>
    </trim>
    <trim prefix="values (" suffix=")" suffixOverrides=",">
      <if test="tftChipId != null">
        #{tftChipId,jdbcType=VARCHAR},
      </if>
      <if test="defectCode != null">
        #{defectCode,jdbcType=VARCHAR},
      </if>
      <if test="chipX != null">
        #{chipX,jdbcType=DECIMAL},
      </if>
      <if test="chipY != null">
        #{chipY,jdbcType=DECIMAL},
      </if>
      <if test="sheetX != null">
        #{sheetX,jdbcType=DECIMAL},
      </if>
      <if test="sheetY != null">
        #{sheetY,jdbcType=DECIMAL},
      </if>
      <if test="poxX != null">
        #{poxX,jdbcType=DECIMAL},
      </if>
      <if test="poxY != null">
        #{poxY,jdbcType=DECIMAL},
      </if>
      <if test="defectSize != null">
        #{defectSize,jdbcType=VARCHAR},
      </if>
      <if test="currentDefCode != null">
        #{currentDefCode,jdbcType=VARCHAR},
      </if>
      <if test="currentDefCodeDesc != null">
        #{currentDefCodeDesc,jdbcType=VARCHAR},
      </if>
      <if test="photoAddress != null">
        #{photoAddress,jdbcType=VARCHAR},
      </if>
      <if test="gap != null">
        #{gap,jdbcType=DECIMAL},
      </if>
      <if test="lmTime != null">
        #{lmTime,jdbcType=TIMESTAMP},
      </if>
    </trim>
  </insert>
</mapper>